<?xml version="1.0" encoding="utf-8" standalone="yes"?>
<rss version="2.0" xmlns:atom="http://www.w3.org/2005/Atom" xmlns:content="http://purl.org/rss/1.0/modules/content/">
  <channel>
    <title>emoji on Again&#39;s Blog</title>
    <link>http://120.55.68.94/tags/emoji/</link>
    <description>Recent content in emoji on Again&#39;s Blog</description>
    <generator>Hugo -- gohugo.io</generator>
    <language>zh</language>
    <lastBuildDate>Tue, 05 Mar 2019 00:00:00 +0000</lastBuildDate><atom:link href="http://120.55.68.94/tags/emoji/index.xml" rel="self" type="application/rss+xml" />
    <item>
      <title>Emoji Support</title>
      <link>http://120.55.68.94/posts/markdown/emoji-support/</link>
      <pubDate>Tue, 05 Mar 2019 00:00:00 +0000</pubDate>
      
      <guid>http://120.55.68.94/posts/markdown/emoji-support/</guid>
      <description>Guide to emoji usage in Hugo</description>
    </item>
    
  </channel>
</rss>
