[{"content":"5G网络架构 5G网络架构概述 5G移动通信系统包括5GC(5G核心网)和NG-RAN(无线接入网) ng-eNB: 增强型4G基站,可完成部分5G功能 gNB: 5G基站(对应4G中的eNB) Xn接口: 基站间接口(对应4G中的X2接口),传输数据和信令 NG接口: 接入网网元接入到核心网的接口(对应4G中的S1接口) 5G核心网网元: AMF, UPF, SMF AAU: RRU(射频单元) + 天线 CU和DU: CU是集中单元,DU是分布单元,CU、DU可以集中部署也可以分开部署 5G基站 = CU + DU + AAU,但是CU一般集中部署在靠近5GC的位置,AAU部署在靠近UE端的位置\n核心网和接入网的架构演进 核心网架构演进 接入网架构演进 需要注意5G中接入网各个网元与协议栈对应关系\nCU: RRC层 + PDCP层 DU: RLC层 + MAC层 + 部分PHY层 AAU: 部分PHY层 5G网元功能及其接口 5G网元以及接口表示 点对点接口表示(N1,N2,N3 \u0026hellip;.) 服务接口表示(基于服务的接口表示,Nnssf,Nnef\u0026hellip;) CU与DU CU可以分为CU-C(控制面)与CU-U(用户面) CU与DU之间的接口是F1接口 CU-C与CU-U之间的接口是E1接口 CU包含RRC层与PDCP层, CU-C包含RRC与PDCP的控制面功能,CU-U就包含PDCP的用户面功能 CU与DU的协议栈划分:\nCU占的协议栈越多,越方便控制面集中,集中化调度性能提升,但是传输带宽会升高,时延要求也更高(要求时延越低) 3GPP标准划分方案为Option2,将PDCP划分到CU中,PDCP上移容易形成数据锚点,便于支持双链接/单连接 5G主要网元功能 UFP\ngNB间切换的本地移动锚点 连接到移动通信网络外部的PDU会话点 用户数据包的路由与转发 对用户的Qos流的映射与处理 SMF\nPDU会话的建立与删除 UE IP地址的分配 选择控制用户控制面功能(选择UPF) Qos的策略与控制 AMF\nNAS信令及信令的加密与完整性保护 为在UE与SMF之间的SM消息提供传输 用户鉴权及密钥管理 连接与注册管理 CU-C\nXn、E1、F1、NG接口的管理 连接管理(单连接、双连接、多连接等) 系统间和系统内负载均衡 系统间和系统内切片资源管理 CU-U\n数据包的处理与转换\nDU\n资源的调度 信道映射(MAC层) 传输模式的转换(RLC层) AAU-RF\n信号的收发 MIMO天线处理 AAS实现机制 频率与时间同步 5G各个接口协议栈 NG接口(5GC与NG-RAN)\nXn接口(gNB之间)\nE1接口(CU-C与CU-U)\n该接口只有控制面(只传输信令)\nF1接口(CU与DU)\n主要就是控制面用SCTP协议,用户面用GTP-U + UDP协议\nUu口协议栈(UE与基站之间的接口) 控制面\nRRC层是作为一个代表在UE与gNB之间进行交互的,因此UE的接入过程主要是去看RRC相关的信令流程\n用户面\nQos的映射主要是SDAP层的功能，SDAP是5G中新加入的协议层\n5G组网部署 SA: 独立组网,终端同一时刻只需要接入5G基站,再接入5GC NSA: 非独立组网,终端同一时刻需要同时接入5G和4G基站(5G基站不足以提供完整的5G服务,需要4G基站辅助),再接入4G核心网(EPC)或5G核心网\nSA组网方案(最终目标) option2: gNB + 5GC option5: ng-eNB + 5GC NSA组网方案(过渡方案) option3系列: en-gNB(4G网络中的5G基站) + eNB(4G基站) + EPC(4G核心网) 此时主要通过eNB接入核心网(S1接口), 主要解决5G初期的覆盖范围问题\noption7系列: ng-eNB + gNB + 5GC 此时主要通过ng-eNB接入核心网(NG接口,gNB与核心网无信令交互),主要面向5G容量需求\noption4系列: ng-eNB + gNB + 5GC 此时主要通过gNB接入核心网(NG接口,gNB与核心网进行信令交互)\nCU与DU分离部署方案 eMBB(增强移动带宽场景,高速率,大带宽)业务\n满足带宽与速率要求: 满足容量与覆盖要求: 多个DU联合部署形成DU池\n满足不同时延要求: CU与DU合设降低时延\n大连接m-MTC场景需求\nCU集中部署,DU与AAU就近部署\n注: 理想前传条件下DU集中部署,非理想前传条件下DU在RRU就近部署(远端部署)\n","permalink":"http://120.55.68.94/posts/compete/5g%E7%BD%91%E7%BB%9C%E6%9E%B6%E6%9E%84%E4%B8%8E%E7%BB%84%E7%BD%91%E9%83%A8%E7%BD%B2/","summary":"5G网络架构 5G网络架构概述 5G移动通信系统包括5GC(5G核心网)和NG-RAN(无线接入网) ng-eNB: 增强型4G基站,可完成部分5G功能 gNB: 5G基站(对应4G中的eNB) Xn接口: 基站间接口(对应4G中的X2接口),传输数据和信令 NG接口: 接入网网元接入到核心网的接口(对应4G中的S1接口) 5G核心网网元: AMF, UPF, SMF AAU: RRU(射频单元) + 天线 CU和DU: CU是集中单元,DU是分布单元,CU、DU可以集中部署也可以分开部署 5G基站 = CU + DU + AAU,但是CU一般集中部署在靠近5GC的位置,AAU部署在靠近UE端的位置\n核心网和接入网的架构演进 核心网架构演进 接入网架构演进 需要注意5G中接入网各个网元与协议栈对应关系\nCU: RRC层 + PDCP层 DU: RLC层 + MAC层 + 部分PHY层 AAU: 部分PHY层 5G网元功能及其接口 5G网元以及接口表示 点对点接口表示(N1,N2,N3 \u0026hellip;.) 服务接口表示(基于服务的接口表示,Nnssf,Nnef\u0026hellip;) CU与DU CU可以分为CU-C(控制面)与CU-U(用户面) CU与DU之间的接口是F1接口 CU-C与CU-U之间的接口是E1接口 CU包含RRC层与PDCP层, CU-C包含RRC与PDCP的控制面功能,CU-U就包含PDCP的用户面功能 CU与DU的协议栈划分:\nCU占的协议栈越多,越方便控制面集中,集中化调度性能提升,但是传输带宽会升高,时延要求也更高(要求时延越低) 3GPP标准划分方案为Option2,将PDCP划分到CU中,PDCP上移容易形成数据锚点,便于支持双链接/单连接 5G主要网元功能 UFP\ngNB间切换的本地移动锚点 连接到移动通信网络外部的PDU会话点 用户数据包的路由与转发 对用户的Qos流的映射与处理 SMF\nPDU会话的建立与删除 UE IP地址的分配 选择控制用户控制面功能(选择UPF) Qos的策略与控制 AMF","title":"5G网络架构及组网部署"},{"content":"5G无线网络技术 5G概述 5G三大业务场景 eMBB: 增强移动带宽场景、连续广域覆盖场景、热点高容量场景、大带宽、高速率、大容量、高覆盖 mMTC: 大连接场景 uRLLC: 低时延、高可靠场景 5G八大关键指标 5G技术点: 移动互联网 + 移动物联网\n5G空口技术框架 5G网络架构 5G网络划分为接入平面、控制平面、转发平面\n接入平面: 统一的多无线接入技术融合、无线资源调度与共享 控制平面: 控制集中化、简单化, 服务差异化、开放化 转发平面: 用户面下沉分布式网关、移动边缘内容与计算 具体看5G网络架构与组网部署的笔记\n大规模天线(Massive MIMO) 主要解决5G的覆盖范围和容量问题\n大规模天线: 大量天线为相对少的用户提供同传服务\n大规模天线概述 5G中天线有水平波束和垂直波束的概念, 4G中没有垂直波束的概念\n大规模天线的技术优势\n大规模天线的几种增益\n阵列增益 分集增益 空间复用增益 干扰抑制增益 波束赋形 对于下行MIMO: 区分数据流,使用DMRS信号(解调参考信号) 对于上行MIMO: 区分用户, 使用DMRS信号(解调参考信号) 波束扫描 在下行过程中, 基站依次使用不同指向的波束发射无线信号,该过程被称作波束扫描, 与此同时,用户测量不同波束发射出的无线信号, 并向基站报告相关信息,基站根据用户报告确定对准该用户的最佳发射波束\n为了快速对准波束, 5G标准采取了分级扫描的策略,即由宽到窄扫描\n波束恢复 PRACH信号是随机接入过程中的信号\n大规模天线的应用场景 热点场景 大型公共集会 3D覆盖场景 UDN技术(超密集网络部署) 增加单位面积内小基站的密度, 可以改善网络覆盖, 提高系统容量(提升容量和连接数)\nUDN关键技术 干扰抑制与管理: 使用DMIMO技术(分布式MIMO)和 Small cell on/off技术(关闭没有用户连接或无需提供额外容量的小小区) 移动性管理: 使用虚拟层技术(把密集部署的小基站构建虚拟多层网络, 分为虚拟层和实体层)和软扇区技术(解决UDN难以部署的问题) 联合传输与反馈 UDN应用场景\n全频谱接入 概念 6GHz以下成为低频段, 6GHz以上成为高频段 30-300GHz称为毫米波, 5G频段包括这两个频段(FR1和FR2) 毫米波常用于短距离通信 毫米波路径损耗大, 不适合远距离通信\n5G高频链路预算\n60GHz必须承受约20dB/km的氧气吸收损耗 运营商将28GHz作为主要测量对象 高频(30-40GHz)比低频(3.5GHz)的路损高18~25dB, NLOS比LOS高20~25dB左右 高频比低频的穿透损耗高, 高损材质下超过11dB NR支持的频段 FR1: 450MHz ~ 6000MHz FR2: 24250MHz ~ 52600MHz 国内3.5G是最佳频谱, 而且可以满足SA组网, 中国目前在评估39GHz的可行性 工信部规划: 3.5G频段分给中国联通和中国电信, 2.6GHz和4.9GHz分给中国移动 5G无线关键技术应用 新型多址 已有多址技术\nFDMA TDMA CDMA OFDMA 优点: 可规避用户间干扰,系统实现容易 缺点: 正交多址系统只能达到容量次优 新型多址\n目前非正交多址的方式只限于mMTC的上行场景\n非正交多址接入(NOMA) 根据用户同时占用所有可用带宽,根据功率域划分用户 优点: 处理过程简单, 易于实现 缺点: 功率域用户不易太多, 否则系统性能会快速下降\nPDMA: 可以在功率域,码域,空域,频域和时域同时或选择性应用的非正交多址技术 优点: 多址寻址能力强,信道容量大,频谱利用率高 缺点: 实现复杂\nMUSA: 码域非正交多址接入,使用非线性SIC接收机\nSCMA: 稀疏码本多址, 通过多维的调制和扩频区分用户\n新型多载波 已有: OFDM传输波形技术\nCP-OFDM: 插入**循环前缀(CP)**的OFDM载波,这会降低频效与能效\n新型多载波\nF-OFDM FBMC(采用滤波器代替CP, 对载波频偏不敏感, 提高了频效与能效) UFMC 目前下行使用CP-OFDM,上行待选两种:\nCP-OFDM, 适用于多流MIMO发送 DFT-S-OFDM(SC-FDMA): 适用于单流发送, 提升链路预算 5G先进调制编码分类 调制\n空间调制: 用天线的物理位置携带控制信息 频率正交幅度调制(FQAM): FSK与QAM结合 更高阶的调制: 相比于4G, 5G上行能支持到256QAM, 下行可以支持到1024QAM 编码\nLDPC码: 用于5G的数据信道(原来是Turbo码) Polar码: 用于5G的控制信道(原来是TBCC码) 对于eMBB场景, 上下行数据信道均采用LDPC编码, 上行控制信道采用Polar码, 下行控制信道倾向于采用Polar码(但未确认)\nD2D(终端直通技术) 背景: 满足移动互联网和物联网应用场景的扩大所带来的对**时延和可靠性(uRLLC)**的特殊要求 优势: 端到端ms级用户面时延, 可靠性高达99.999%以上,还可以拓展网络覆盖范围, 是一种无线P2P技术(不是M2M) 应用场景: 实时云计算、增强现实、在线游戏、远程医疗、智能交通、智能电网、实时远程控制、紧急通信等 5G中双工技术 灵活双工技术: 上下行业务需求随时间、地点而变化,灵活双工能根据上下行业务动态分配上下行资源 全双工通信技术: 系统收发同频同时, 理论信道容量可以增加一倍 频谱共享 让多个系统共享使用特定频谱, 改变以往固定频谱分配的方式 目前还只是一种理念 ","permalink":"http://120.55.68.94/posts/compete/5g%E6%97%A0%E7%BA%BF%E6%8A%80%E6%9C%AF%E5%8F%8A%E5%BA%94%E7%94%A8/","summary":"5G无线网络技术 5G概述 5G三大业务场景 eMBB: 增强移动带宽场景、连续广域覆盖场景、热点高容量场景、大带宽、高速率、大容量、高覆盖 mMTC: 大连接场景 uRLLC: 低时延、高可靠场景 5G八大关键指标 5G技术点: 移动互联网 + 移动物联网\n5G空口技术框架 5G网络架构 5G网络划分为接入平面、控制平面、转发平面\n接入平面: 统一的多无线接入技术融合、无线资源调度与共享 控制平面: 控制集中化、简单化, 服务差异化、开放化 转发平面: 用户面下沉分布式网关、移动边缘内容与计算 具体看5G网络架构与组网部署的笔记\n大规模天线(Massive MIMO) 主要解决5G的覆盖范围和容量问题\n大规模天线: 大量天线为相对少的用户提供同传服务\n大规模天线概述 5G中天线有水平波束和垂直波束的概念, 4G中没有垂直波束的概念\n大规模天线的技术优势\n大规模天线的几种增益\n阵列增益 分集增益 空间复用增益 干扰抑制增益 波束赋形 对于下行MIMO: 区分数据流,使用DMRS信号(解调参考信号) 对于上行MIMO: 区分用户, 使用DMRS信号(解调参考信号) 波束扫描 在下行过程中, 基站依次使用不同指向的波束发射无线信号,该过程被称作波束扫描, 与此同时,用户测量不同波束发射出的无线信号, 并向基站报告相关信息,基站根据用户报告确定对准该用户的最佳发射波束\n为了快速对准波束, 5G标准采取了分级扫描的策略,即由宽到窄扫描\n波束恢复 PRACH信号是随机接入过程中的信号\n大规模天线的应用场景 热点场景 大型公共集会 3D覆盖场景 UDN技术(超密集网络部署) 增加单位面积内小基站的密度, 可以改善网络覆盖, 提高系统容量(提升容量和连接数)\nUDN关键技术 干扰抑制与管理: 使用DMIMO技术(分布式MIMO)和 Small cell on/off技术(关闭没有用户连接或无需提供额外容量的小小区) 移动性管理: 使用虚拟层技术(把密集部署的小基站构建虚拟多层网络, 分为虚拟层和实体层)和软扇区技术(解决UDN难以部署的问题) 联合传输与反馈 UDN应用场景","title":"5G无线网络技术"},{"content":"网络基本架构及接口 5GC（核心网）: AMF（NAS安全,移动性状态管理）,SMF（UE 的ip申请,PDU会话控制）,UPF（PDU管理,移动锚点） NG-RAN（接入网） gNB: 5G基站，由CU+DU构成 Ng接口（接入网与核心网接口）两个层面,用户面与控制面相分离,控制面协议（SCTP, IP, 数据链路层、物理层）, 用户面协议（GTP-U,UDP,IP 数据链路和物理层） Xn接口（gNB,即基站之间的接口）,协议栈Ng相同 F1接口（CU与DU的接口） E1接口（CU与CU的接口）只有控制面协议（SCTP, IP, 数据链路层、物理层） 协议栈见图片\n用户面协议栈 控制面协议栈 5G协议栈 NR无线资源控制层（RRC层） 系统消息广播 RRC连接控制 异系统移动性管理（Inter-RAT） 测量配置和报告 一般性协议错误处理 UE能力转换 NR2层概述 1.SDAP层（服务数据适配层） SDAP子层由RRC配置 SDAO子层将Qos映射到DRBs 在DL中,一个或多个Qos流可能映射到一个DRB 在UL中,一次Qos流仅映射到一个DRB 2.PDCP层（分组数据汇聚层） 数据传输(用户面或控制面) PDCP SN的维护 使用ROHC协议的报头的压缩和解压缩 加密和解密 完整性保护和验证 基于定时器的SDU丢弃 路由重新排序和按顺序交付 重复丢弃 3.RLC层（无线链路控制层） 三种传输模式:TM（透明模式）,UM（非确认模式）,AM（确认模式）\n传送上层PDU 通过ARQ纠错（仅用于AM数据传输） RLC SDU的分段与重组（仅用于UM和AM） RLC SDU的重新分段（UM和AM） 重复检测（AM） RLC SDU丢弃（AM和UM） RLC重建 协议错误检测（AM数据传输） 4.MAC（媒体访问控制） 逻辑信道与传输信道之间的映射 来自一个或不同逻辑信道的MAC SDU多路复用到传输块上以在传送信道上传送到物理层 解复用MAC SDU 调度信息报告 通过HARQ纠错 逻辑通道优先级 MAC层实体处理的传输信道\n广播频道（BCH） 寻呼信道（PCH） 下行链路共享信道（DL-SCH） 上行链路共享信道（UL-SCH） 随机接入信道（RACH） 注:BCCH映射到BCH和DL-SCH,BCCH分为MIB和SIB；MIB经过BCCH-BCH路径,而SIB经过BCCH-DLSCH路径\n物理信道与逻辑信道映射关系(MAC层实现):\n5G接入网信令及接入流程 5G接入网信令 1、5G系统消息获取 UE通过SI消息获取进程获取AS和NAS信息\n2、基于竞争的随机接入 获取到消息后,UE需要通过竞争进行随机接入获取基站分配的资源。\nUE发送preamble序列（前导码）,进行上行同步 基站检测到preamble序列后,发送随机接入响应 UE检测到属于自己的随机接入响应后,利用分配的资源发送信令消息 基站发送冲突解决响应,UE判断是否竞争成功 对于非竞争的随机接入,基站会预先给UE分配一个preamble,UE接入是发送该特定的preamble,基站再响应即可（3步）\n3、RRC连接建立 如果UE Request后基站没有资源,则基站会返回一个拒绝信令,UE收到后会释放MAC层 资源,并启动一个定时器,定时器超时则重新发起连接请求\n4、直传消息 RRC连接状态下传输NAS层的专用信息,NG-RAN到UE或UE到网络\n5、 UE能力传输 当网络需要（额外的）UE的无线接入能力信息是,网络向处于RRC_CONNECTED态的UE启动这个过程（先Network -\u0026gt; UE, UE再响应）\n6、初始加密激活 网络向UE发送SecurityModeCommand 参数,如果UE不支持,则接入过程失败\n7、5G密钥生成 8、5G加密终止点 NAS加密 -\u0026gt; AMF RRC加密 -\u0026gt; gNB User plane Data加密 -\u0026gt; gNB 9、RRC重配置 目的是修改已经建立的RRC连接（Network -\u0026gt; UE, UE再响应） RRC重新配置失败会触发RRC重连\n10、RRC连接重建 UE在RRC_CONNECTED状态下触发重建流程来维持RRC连接（UE主动发起） 一般是在RRC连接出现异常时触发,时机:\n切换失败 重配失败 无线链路失败（检测到RLF） 完保校验失败 重建时会出现UE上下文的问题,重建请求被拒绝不会让UE再次发起请求,而是让基站发起RRCSetUp(此时是新建连接而不是重建了)如图右边所示\n详细过程:\n11、RRC连接挂起 RRC三种状态\nRRC_ACTIVE(CONNECTED) UE 和NG-RAN—connected NG-RAN和5GC—connected RRC_IDLE(空闲模式) UE 和NG-RAN—released NG-RAN和5GC—released RRC_INACTIVE（降低接入时延,节省资源）UE 和NG-RAN—suspend NG-RAN和5GC—connected 在挂起状态要恢复成active状态,如图所示流程\n如果恢复失败（没有UE上下文）基站也会返回RRCSetUp信令,新建RRC连接 如果基站资源不够,无法发起RRCSetUp,则会拒绝恢复请求,如图所示\nRRC连接释放的情况\n12、RRC连接释放 基站发起请求给UE要求释放RRC连接 作用\n释放RRC连接（不携带SuspendConfig）,包括已经建立的无线承载和无线资源 挂起RRC连接,挂起已经建立的无线承载 该过程也可以用于释放和重定向UE到其他节点 13、5G paging 传输寻呼消息给RRC_IDLE或者RRC_INACTIVE状态下的终端 网络初始化寻呼过程,在paging occasion传输Paging message给UE,网络可以通过一条Paging message寻址多个UE(最多同时32个UE)\n14、RAN area 对于处于RRC_INACTIVE的UE 5G中一个TAC下面由多个RAN区域,每个RAN区域由多个小区 UE在同一个RAN的不同小区内进行移动并不会触发RAN的更新,这样可以减少信令的交互过程\n15、RAN更新 UE移动出RNA配置区域 RNA Upate 定时器超时(周期触发) 常规更新(UE移出原本的RNA区域)\n周期更新(定时周期触发,保持连接)\n5G接入流程 1、终端注册流程(随机接入、鉴权、加密等过程完成) 注册成功不代表已经拥有业务承载能力了\n2、 PDU session建立 申请资源的过程\n3、终端发起去注册(核心网处理) 空闲态发起 UE先接入（随机接入+RRC连接建立）然后5GC取消注册,释放UE资源 连接态发起 不需要一个接入过程,直接UE发起注销信令,然后释放UE上下文及空口等资源 4、UE上下文释放 注意:基站(gNB)没有资格主动释放UE上下文,这是异常情况\n5G网络状态及转换 1、注册与连接管理 RM(注册管理) 描述在网络中注册或注销一个UE并在网络中建立该用户的上下文,RM-DEREGISTERED和RM-REGISTERED CM(连接管理) 描述UE和AMF之间的释放和建立信令连接,CM-IDLE和CM-CONNECTED 2、5G RRC状态 X代表不连接，\u0026ndash;代表连接\nRRC_CONNECTED(ACTIVE) UE \u0026ndash; gNB \u0026ndash; 5GC RRC_IDLE UE X gNB X 5GC RRC_INACTIVE UE X gNB \u0026ndash; 5GC UE建立RRC连接后，RRC状态可能是RRC_CONNECTED或者RRC_INACTIVE。UE没有建立RRC连接时，RRC状态为RRC_IDLE\n3、RRC_INACTIVE状态 引入该状态目的是减少接入时延 在这种状态下，终端状态与IDLE态一样，比ACTIVE更省电。当需要转换为ACTIVE态可以快速转换，信令少、时延低 在该状态下UE保持在CM_CONNECTED，可以在配置的NG-RAN区移动时不通知RNA更新 在该状态下，最后服务的gNB节点保留UE上下文以及与UE关联的NG接口上的AMF/UFP信息 4、RRC_INACTIVE到RRC_CONNECTED转换 UE发起Resume请求 在下面几个场景UE会主动发起恢复RRC连接请求\nRAN寻呼 终端发起的NAS信令过程 终端上行数据到达 若获取gNB获取UE报文成功，成功恢复UE上下文，UE成功转换为ACTIVE状态 若获取UE报文失败，Resume失败，则基站需要发起RRCSetUp请求新建RRC连接 若基站侧直接Reject(基站资源不足)，UE会仍然处于INACTIVE状态 详细信令过程\n网络侧主动发起请求 一般是寻呼触发\n5G无线承载控制 SRB分类\nSRB0信令承载0(默认信令承载) SRB1信令承载1(UE专用信令承载,主要传RRC与NAS信令) SRB2信令承载2(在安全承载建立完成后传输,此时NAS信令用该承载传输) SRB3双连接的情况下 1、5G Qos概述 5QI: 5G Qos Identifier, Qos标识 ARP: Allocation and Retention Priority, 分配和保留优先级 GRB Qos flow:保证资源的Qos流(上下行带宽) NGRB Qos flow: 非保证资源Qos流 NGRB Qos flow中有一个反射(Reflective)Qos参数，就是根据下行Qos参数直接得到上行Qos参数 5G Qos管理的最小粒度为Qos flow(而不是4G的承载) 单个PDU session在一个用户面隧道承载,并可以传输多个Qos flow的数据报文 多个Qos flow可以根据Qos要求映射到已经建立的RB或者根据需要新建RB来映射\n2、PDU QFI同DRB的映射 一个终端可以建立多个PDU会话 每个PDU session对应一个SDAP实体,每个SDAP实体至少配置一个默认DRB 一个PDU session包含多个Qos flow 多个Qos flow可以映射到同一个DRB 3、PDU会话的建立/更新/释放 PDU会话的建立就是业务承载建立的过程 主要基站与AMF之间的通信\n5G测量与移动性管理 NR测量 gNB采用SSB信号进行测量,SSB可以采用4,8,64个波束\n","permalink":"http://120.55.68.94/posts/compete/5g%E4%BF%A1%E4%BB%A4%E4%B8%8E%E5%8D%8F%E8%AE%AE/","summary":"网络基本架构及接口 5GC（核心网）: AMF（NAS安全,移动性状态管理）,SMF（UE 的ip申请,PDU会话控制）,UPF（PDU管理,移动锚点） NG-RAN（接入网） gNB: 5G基站，由CU+DU构成 Ng接口（接入网与核心网接口）两个层面,用户面与控制面相分离,控制面协议（SCTP, IP, 数据链路层、物理层）, 用户面协议（GTP-U,UDP,IP 数据链路和物理层） Xn接口（gNB,即基站之间的接口）,协议栈Ng相同 F1接口（CU与DU的接口） E1接口（CU与CU的接口）只有控制面协议（SCTP, IP, 数据链路层、物理层） 协议栈见图片\n用户面协议栈 控制面协议栈 5G协议栈 NR无线资源控制层（RRC层） 系统消息广播 RRC连接控制 异系统移动性管理（Inter-RAT） 测量配置和报告 一般性协议错误处理 UE能力转换 NR2层概述 1.SDAP层（服务数据适配层） SDAP子层由RRC配置 SDAO子层将Qos映射到DRBs 在DL中,一个或多个Qos流可能映射到一个DRB 在UL中,一次Qos流仅映射到一个DRB 2.PDCP层（分组数据汇聚层） 数据传输(用户面或控制面) PDCP SN的维护 使用ROHC协议的报头的压缩和解压缩 加密和解密 完整性保护和验证 基于定时器的SDU丢弃 路由重新排序和按顺序交付 重复丢弃 3.RLC层（无线链路控制层） 三种传输模式:TM（透明模式）,UM（非确认模式）,AM（确认模式）\n传送上层PDU 通过ARQ纠错（仅用于AM数据传输） RLC SDU的分段与重组（仅用于UM和AM） RLC SDU的重新分段（UM和AM） 重复检测（AM） RLC SDU丢弃（AM和UM） RLC重建 协议错误检测（AM数据传输） 4.MAC（媒体访问控制） 逻辑信道与传输信道之间的映射 来自一个或不同逻辑信道的MAC SDU多路复用到传输块上以在传送信道上传送到物理层 解复用MAC SDU 调度信息报告 通过HARQ纠错 逻辑通道优先级 MAC层实体处理的传输信道\n广播频道（BCH） 寻呼信道（PCH） 下行链路共享信道（DL-SCH） 上行链路共享信道（UL-SCH） 随机接入信道（RACH） 注:BCCH映射到BCH和DL-SCH,BCCH分为MIB和SIB；MIB经过BCCH-BCH路径,而SIB经过BCCH-DLSCH路径","title":"5G信令与协议"},{"content":"Intro We\u0026rsquo;ll be using yml/yaml format for all examples down below, I recommend using yml over toml as it is easier to read.\nYou can find any YML to TOML converters if necessary.\nAssets (js/css) The following is enabled by default\nminification - makes the assets size smallest as possible. bundling - bundles all the styles in one single asset fingerprint/intergity check. Default Theme light/dark/auto params: # defaultTheme: light # defaultTheme: dark defaultTheme: auto # to switch between dark or light according to browser theme Theme Switch Toggle (enabled by default) Shows icon besides title of page to change theme\nTo disable it :\ndisableThemeToggle: true You can refer following table for better understanding\u0026hellip;\ndefaultTheme disableThemeToggle checks local storage? checks system theme? Info auto true No Yes only system theme false Yes (if not-\u0026gt;2) Yes (2) switch present dark true No No force dark only false Yes No switch present light true No No force light only false Yes No switch present Archives Layout Create a page with archive.md in content directory with following content\n. ├── config.yml ├── content/ │ ├── archives.md \u0026lt;--- Create archive.md here │ └── posts/ ├── static/ └── themes/ └── PaperMod/ and add the following to it\n--- title: \u0026#34;Archive\u0026#34; layout: \u0026#34;archives\u0026#34; url: \u0026#34;/archives/\u0026#34; summary: archives --- Note: Archives Layout does not support Multilingual Month Translations.\nex: archives.md\nRegular Mode (default-mode) Home-Info Mode Use 1st entry as some Information\nadd following to config file\nparams: homeInfoParams: Title: Hi there wave Content: Can be Info, links, about... socialIcons: # optional - name: \u0026#34;\u0026lt;platform\u0026gt;\u0026#34; url: \u0026#34;\u0026lt;link\u0026gt;\u0026#34; - name: \u0026#34;\u0026lt;platform 2\u0026gt;\u0026#34; url: \u0026#34;\u0026lt;link2\u0026gt;\u0026#34; Profile Mode Shows Index/Home page as Full Page with Social Links and Image\nadd following to config file\nparams: profileMode: enabled: true title: \u0026#34;\u0026lt;Title\u0026gt;\u0026#34; # optional default will be site title subtitle: \u0026#34;This is subtitle\u0026#34; imageUrl: \u0026#34;\u0026lt;image link\u0026gt;\u0026#34; # optional imageTitle: \u0026#34;\u0026lt;title of image as alt\u0026gt;\u0026#34; # optional imageWidth: 120 # custom size imageHeight: 120 # custom size buttons: - name: Archive url: \u0026#34;/archive\u0026#34; - name: Github url: \u0026#34;https://github.com/\u0026#34; socialIcons: # optional - name: \u0026#34;\u0026lt;platform\u0026gt;\u0026#34; url: \u0026#34;\u0026lt;link\u0026gt;\u0026#34; - name: \u0026#34;\u0026lt;platform 2\u0026gt;\u0026#34; url: \u0026#34;\u0026lt;link2\u0026gt;\u0026#34; Search Page PaperMod uses Fuse.js Basic for search functionality\nAdd the following to site config, config.yml\noutputs: home: - HTML - RSS - JSON # is necessary Create a page with search.md in content directory with following content\n--- title: \u0026#34;Search\u0026#34; # in any language you want layout: \u0026#34;search\u0026#34; # is necessary # url: \u0026#34;/archive\u0026#34; # description: \u0026#34;Description for Search\u0026#34; summary: \u0026#34;search\u0026#34; placeholder: \u0026#34;placeholder text in search input box\u0026#34; --- To hide a particular page from being searched, add it in post\u0026rsquo;s frontmatter\n--- searchHidden: true ex: search.md\nSearch Page also has Key bindings:\nArrow keys to move up/down the list Enter key (return) or Right Arrow key to go to the highlighted page Escape key to clear searchbox and results For Multilingual use search.\u0026lt;lang\u0026gt;.md ex. search.es.md.\nNote: Search will work only on current language, user is currently on !\nCustomizing Fusejs Options\nRefer https://fusejs.io/api/options.html for Options, Add those as shown below.\nparams: fuseOpts: isCaseSensitive: false shouldSort: true location: 0 distance: 1000 threshold: 0.4 minMatchCharLength: 0 # limit: 10 # refer: https://www.fusejs.io/api/methods.html#search keys: [\u0026#34;title\u0026#34;, \u0026#34;permalink\u0026#34;, \u0026#34;summary\u0026#34;, \u0026#34;content\u0026#34;] Draft Page indication adds [draft] mark to indicate draft pages.\nPost Cover Image In post\u0026rsquo;s page-variables add :\ncover: image: \u0026#34;\u0026lt;image path/url\u0026gt;\u0026#34; # can also paste direct link from external site # ex. https://i.ibb.co/K0HVPBd/paper-mod-profilemode.png alt: \u0026#34;\u0026lt;alt text\u0026gt;\u0026#34; caption: \u0026#34;\u0026lt;text\u0026gt;\u0026#34; relative: false # To use relative path for cover image, used in hugo Page-bundles When you include images in the Page Bundle, multiple sizes of the image will automatically be provided using the HTML5 srcset field.\nTo reduce generation time and size of the site, you can disable this feature using\nparams: cover: responsiveImages: false To enable hyperlinks to the full image size on post pages, use\nparams: cover: linkFullImages: true Share Buttons on post Displays Share Buttons at Bottom of each post\nto show share buttons add\nparams: ShowShareButtons: true Show post reading time Displays Reading Time (the estimated time, in minutes, it takes to read the content.)\nTo show reading time add\nParams: ShowReadingTime: true Show Table of Contents (Toc) on blog post Displays ToC on blog-pages\nTo show ToC add following to page-variables\nShowToc: true To keep Toc Open by default on a post add following to page-variables:\nTocOpen: true BreadCrumb Navigation Adds BreadCrumb Navigation above Post\u0026rsquo;s Title to show subsections and Navigation to Home\nparams: ShowBreadCrumbs: true Can be diabled for particular page\u0026rsquo;s front-matter\n--- ShowBreadCrumbs: false --- Edit Link for Posts Add a button to suggest changes by using the file path of the post to link to a edit destination.\nFor site config use:\nParams: editPost: URL: \u0026#34;https://github.com/\u0026lt;path_to_repo\u0026gt;/content\u0026#34; Text: \u0026#34;Suggest Changes\u0026#34; # edit text appendFilePath: true # to append file path to Edit link Can be modified for individual pages\n--- editPost: URL: \u0026#34;https://github.com/\u0026lt;path_to_repo\u0026gt;/content\u0026#34; Text: \u0026#34;Suggest Changes\u0026#34; # edit text appendFilePath: true # to append file path to Edit link --- The example above would yield the following link for the post file posts/post-name.md: https://github.com/\u0026lt;path_to_repo\u0026gt;/content/posts/post-name.md\nParameter Required Default Value editPost.URL true - editPost.appendFilePath false false editPost.Text false \u0026ldquo;Edit\u0026rdquo; Since the link generated is a regular HTML anchor tag \u0026lt;a href=...\u0026gt;, you can also use other URL schemas like mailto://, e.g. URL: \u0026quot;mailto://mail@example.com?subject=Suggesting changes for \u0026quot;\nOther Posts suggestion below a post Adds a Previous / Next post suggestion under a single post\nparams: ShowPostNavLinks: true Code Copy Button Adds a copy button in code block to copy the code it contains\nparams: ShowCodeCopyButtons: true Multiple Authors To Use multiple authors for a post, in post-variables:\n--- author: [\u0026#34;Me\u0026#34;, \u0026#34;You\u0026#34;] --- To use Multiple Authors Site-wide, in config.yml:\nparams: author: [\u0026#34;Me\u0026#34;, \u0026#34;You\u0026#34;] Comments to add comments, create a html file\nlayouts/partials/comments.html\nand paste code provided by your comments provider\nalso in config add this\nparams: comments: true read more about this hugo-comments\nAccessKeys c - ToC Open/Close g - Go To Top h - Home (according to current lang) t - Theme toggle / - Jumps to search page if in menu What\u0026rsquo;s AccessKeys ?\nEnhanced SEO Enabled only when env: production\nRich Results/Snippets Support Twitter Cards Support The Twitter Cards metadata, except twitter:image should not require additional configuration, since it is generated from metadata that you should already have (for instance the page title and description). The twitter:image uses the Post Cover Image, if present. In the absence of a cover images, the first image from the images frontmatter (a list) is used. images: - image_01.png - image_02.png Finally, if neither of those are provided, twitter:image comes from the first Page Bundle image with feature in the name, with a fallback to the first image with cover or thumbnail in the name. OpenGraph support The OpenGraph metadata, except og:image should not require additional configuration, since it is generated from metadata that you should already have (for instance the page title and description). The og:image uses the Post Cover Image, if present. In the absence of a cover images, the first image from the images frontmatter (a list) is used. images: - image_01.png - image_02.png Finally, if neither of those are provided, og:image comes from the first Page Bundle image with feature in the name, with a fallback to the first image with cover or thumbnail in the name. For pages, you can also add audio (using frontmatter audio: filename.ext) and/or videos. videos: - filename01.mov - filename02.avi Multilingual Support Misc Scroll-Bar themed (by default) Smooth Scroll between in-page links (by default) Scroll-to-Top Button (by default) Displays a Scroll-to-Top button in right-bottom corner Google Analytics integration Syntax highlighting RSS feeds ","permalink":"http://120.55.68.94/posts/papermod/papermod-features/","summary":"Learn About All Features in PaperMod","title":"Features"},{"content":"Intro We\u0026rsquo;ll be using yml/yaml format for all examples down below, I recommend using yml over toml as it is easier to read. You can find any YML to TOML converters if necessary. Guide Follow Quick Start guide to setup and create a new site.\nNote: Use -f to select yml format\nhugo new site \u0026lt;name of site\u0026gt; -f yml\nMake sure you install latest version of hugo(\u0026gt;=0.83.0).\nAfter you have created a new site, at Step 3 follow the steps:\nMethod 1 Inside the folder of your Hugo site, run:\ngit clone https://github.com/adityatelange/hugo-PaperMod themes/PaperMod --depth=1 Note: You may use --branch v5.0 to end of above command if you want to stick to specific release.\nUpdating theme :\ncd themes/PaperMod git pull Method 2 you can use as submodule with\ngit submodule add --depth=1 https://github.com/adityatelange/hugo-PaperMod.git themes/PaperMod git submodule update --init --recursive # needed when you reclone your repo (submodules may not get cloned automatically) Note: You may use --branch v5.0 to end of above command if you want to stick to specific release.\nUpdating theme :\ngit submodule update --remote --merge Method 3 Or you can Download as Zip from Github Page and extract in your themes directory\nDirect Links:\nMaster Branch (Latest) v6.0 v5.0 v4.0 v3.0 v2.0 v1.0 Method 4 Install Go programming language in your operating system.\nIntialize your own hugo mod\nhugo mod init YOUR_OWN_GIT_REPOSITORY Add PaperMod in your config.yml file module:\rimports:\r- path: github.com/adityatelange/hugo-PaperMod Update theme hugo mod get -u Finally \u0026hellip; Add in config.yml:\ntheme: \u0026#34;PaperMod\u0026#34; Videos featuring Papermod You can go through few videos which are available on YouTube for getting to know the creator\u0026rsquo;s thoughts as well as the setup process.\n▶️ https://youtube.com/playlist?list=PLeiDFxcsdhUrzkK5Jg9IZyiTsIMvXxKZP\nQuick Links Papermod - Features Papermod - FAQs Papermod - Variables Papermod - Icons ChangeLog Sample config.yml Example Site Structure is present here: exampleSite\nUse appropriately\nbaseURL: \u0026#34;https://examplesite.com/\u0026#34; title: ExampleSite paginate: 5 theme: PaperMod enableRobotsTXT: true buildDrafts: false buildFuture: false buildExpired: false googleAnalytics: UA-123-45 minify: disableXML: true minifyOutput: true params: env: production # to enable google analytics, opengraph, twitter-cards and schema. title: ExampleSite description: \u0026#34;ExampleSite description\u0026#34; keywords: [Blog, Portfolio, PaperMod] author: Me # author: [\u0026#34;Me\u0026#34;, \u0026#34;You\u0026#34;] # multiple authors images: [\u0026#34;\u0026lt;link or path of image for opengraph, twitter-cards\u0026gt;\u0026#34;] DateFormat: \u0026#34;January 2, 2006\u0026#34; defaultTheme: auto # dark, light disableThemeToggle: false ShowReadingTime: true ShowShareButtons: true ShowPostNavLinks: true ShowBreadCrumbs: true ShowCodeCopyButtons: false ShowWordCount: true ShowRssButtonInSectionTermList: true UseHugoToc: true disableSpecial1stPost: false disableScrollToTop: false comments: false hidemeta: false hideSummary: false showtoc: false tocopen: false assets: # disableHLJS: true # to disable highlight.js # disableFingerprinting: true favicon: \u0026#34;\u0026lt;link / abs url\u0026gt;\u0026#34; favicon16x16: \u0026#34;\u0026lt;link / abs url\u0026gt;\u0026#34; favicon32x32: \u0026#34;\u0026lt;link / abs url\u0026gt;\u0026#34; apple_touch_icon: \u0026#34;\u0026lt;link / abs url\u0026gt;\u0026#34; safari_pinned_tab: \u0026#34;\u0026lt;link / abs url\u0026gt;\u0026#34; label: text: \u0026#34;Home\u0026#34; icon: /apple-touch-icon.png iconHeight: 35 # profile-mode profileMode: enabled: false # needs to be explicitly set title: ExampleSite subtitle: \u0026#34;This is subtitle\u0026#34; imageUrl: \u0026#34;\u0026lt;img location\u0026gt;\u0026#34; imageWidth: 120 imageHeight: 120 imageTitle: my image buttons: - name: Posts url: posts - name: Tags url: tags # home-info mode homeInfoParams: Title: \u0026#34;Hi there \\U0001F44B\u0026#34; Content: Welcome to my blog socialIcons: - name: twitter url: \u0026#34;https://twitter.com/\u0026#34; - name: stackoverflow url: \u0026#34;https://stackoverflow.com\u0026#34; - name: github url: \u0026#34;https://github.com/\u0026#34; analytics: google: SiteVerificationTag: \u0026#34;XYZabc\u0026#34; bing: SiteVerificationTag: \u0026#34;XYZabc\u0026#34; yandex: SiteVerificationTag: \u0026#34;XYZabc\u0026#34; cover: hidden: true # hide everywhere but not in structured data hiddenInList: true # hide on list pages and home hiddenInSingle: true # hide on single page editPost: URL: \u0026#34;https://github.com/\u0026lt;path_to_repo\u0026gt;/content\u0026#34; Text: \u0026#34;Suggest Changes\u0026#34; # edit text appendFilePath: true # to append file path to Edit link # for search # https://fusejs.io/api/options.html fuseOpts: isCaseSensitive: false shouldSort: true location: 0 distance: 1000 threshold: 0.4 minMatchCharLength: 0 limit: 10 # refer: https://www.fusejs.io/api/methods.html#search keys: [\u0026#34;title\u0026#34;, \u0026#34;permalink\u0026#34;, \u0026#34;summary\u0026#34;, \u0026#34;content\u0026#34;] menu: main: - identifier: categories name: categories url: /categories/ weight: 10 - identifier: tags name: tags url: /tags/ weight: 20 - identifier: example name: example.org url: https://example.org weight: 30 # Read: https://github.com/adityatelange/hugo-PaperMod/wiki/FAQs#using-hugos-syntax-highlighter-chroma pygmentsUseClasses: true markup: highlight: noClasses: false # anchorLineNos: true # codeFences: true # guessSyntax: true # lineNos: true # style: monokai Sample Page.md --- title: \u0026#34;My 1st post\u0026#34; date: 2020-09-15T11:30:03+00:00 # weight: 1 # aliases: [\u0026#34;/first\u0026#34;] tags: [\u0026#34;first\u0026#34;] author: \u0026#34;Me\u0026#34; # author: [\u0026#34;Me\u0026#34;, \u0026#34;You\u0026#34;] # multiple authors showToc: true TocOpen: false draft: false hidemeta: false comments: false description: \u0026#34;Desc Text.\u0026#34; canonicalURL: \u0026#34;https://canonical.url/to/page\u0026#34; disableHLJS: true # to disable highlightjs disableShare: false disableHLJS: false hideSummary: false searchHidden: true ShowReadingTime: true ShowBreadCrumbs: true ShowPostNavLinks: true ShowWordCount: true ShowRssButtonInSectionTermList: true UseHugoToc: true cover: image: \u0026#34;\u0026lt;image path/url\u0026gt;\u0026#34; # image path/url alt: \u0026#34;\u0026lt;alt text\u0026gt;\u0026#34; # alt text caption: \u0026#34;\u0026lt;text\u0026gt;\u0026#34; # display caption under cover relative: false # when using page bundles set this to true hidden: true # only hide on current single page editPost: URL: \u0026#34;https://github.com/\u0026lt;path_to_repo\u0026gt;/content\u0026#34; Text: \u0026#34;Suggest Changes\u0026#34; # edit text appendFilePath: true # to append file path to Edit link --- You can use it by creating archetypes/post.md\nhugo new --kind post \u0026lt;name\u0026gt; ","permalink":"http://120.55.68.94/posts/papermod/papermod-installation/","summary":"Read Install and Update instructions here","title":"Installation | Update"},{"content":"This article offers a sample of basic Markdown syntax that can be used in Hugo content files, also it shows whether basic HTML elements are decorated with CSS in a Hugo theme.\nHeadings The following HTML \u0026lt;h1\u0026gt;—\u0026lt;h6\u0026gt; elements represent six levels of section headings. \u0026lt;h1\u0026gt; is the highest section level while \u0026lt;h6\u0026gt; is the lowest.\nH1 H2 H3 H4 H5 H6 Paragraph Xerum, quo qui aut unt expliquam qui dolut labo. Aque venitatiusda cum, voluptionse latur sitiae dolessi aut parist aut dollo enim qui voluptate ma dolestendit peritin re plis aut quas inctum laceat est volestemque commosa as cus endigna tectur, offic to cor sequas etum rerum idem sintibus eiur? Quianimin porecus evelectur, cum que nis nust voloribus ratem aut omnimi, sitatur? Quiatem. Nam, omnis sum am facea corem alique molestrunt et eos evelece arcillit ut aut eos eos nus, sin conecerem erum fuga. Ri oditatquam, ad quibus unda veliamenimin cusam et facea ipsamus es exerum sitate dolores editium rerore eost, temped molorro ratiae volorro te reribus dolorer sperchicium faceata tiustia prat.\nItatur? Quiatae cullecum rem ent aut odis in re eossequodi nonsequ idebis ne sapicia is sinveli squiatum, core et que aut hariosam ex eat.\nBlockquotes The blockquote element represents content that is quoted from another source, optionally with a citation which must be within a footer or cite element, and optionally with in-line changes such as annotations and abbreviations.\nBlockquote without attribution Tiam, ad mint andaepu dandae nostion secatur sequo quae. Note that you can use Markdown syntax within a blockquote.\nBlockquote with attribution Don\u0026rsquo;t communicate by sharing memory, share memory by communicating.\n— Rob Pike1\nTables Tables aren\u0026rsquo;t part of the core Markdown spec, but Hugo supports them out-of-the-box.\nName Age Bob 27 Alice 23 Inline Markdown within tables Italics Bold Code italics bold code Code Blocks Inline Code This is Inline Code\nOnly pre This is pre text\rCode block with backticks \u0026lt;!DOCTYPE html\u0026gt;\r\u0026lt;html lang=\u0026#34;en\u0026#34;\u0026gt;\r\u0026lt;head\u0026gt;\r\u0026lt;meta charset=\u0026#34;utf-8\u0026#34; /\u0026gt;\r\u0026lt;title\u0026gt;Example HTML5 Document\u0026lt;/title\u0026gt;\r\u0026lt;/head\u0026gt;\r\u0026lt;body\u0026gt;\r\u0026lt;p\u0026gt;Test\u0026lt;/p\u0026gt;\r\u0026lt;/body\u0026gt;\r\u0026lt;/html\u0026gt; Code block with backticks and language specified 1 2 3 4 5 6 7 8 9 10 11 \u0026lt;!DOCTYPE html\u0026gt; \u0026lt;html lang=\u0026#34;en\u0026#34;\u0026gt; \u0026lt;head\u0026gt; \u0026lt;meta charset=\u0026#34;utf-8\u0026#34; /\u0026gt; \u0026lt;title\u0026gt;Example HTML5 Document\u0026lt;/title\u0026gt; \u0026lt;meta name=\u0026#34;description\u0026#34; content=\u0026#34;Sample article showcasing basic Markdown syntax and formatting for HTML elements.\u0026#34;\u0026gt; \u0026lt;/head\u0026gt; \u0026lt;body\u0026gt; \u0026lt;p\u0026gt;Test\u0026lt;/p\u0026gt; \u0026lt;/body\u0026gt; \u0026lt;/html\u0026gt; Code block indented with four spaces \u0026lt;!doctype html\u0026gt;\r\u0026lt;html lang=\u0026quot;en\u0026quot;\u0026gt;\r\u0026lt;head\u0026gt;\r\u0026lt;meta charset=\u0026quot;utf-8\u0026quot;\u0026gt;\r\u0026lt;title\u0026gt;Example HTML5 Document\u0026lt;/title\u0026gt;\r\u0026lt;/head\u0026gt;\r\u0026lt;body\u0026gt;\r\u0026lt;p\u0026gt;Test\u0026lt;/p\u0026gt;\r\u0026lt;/body\u0026gt;\r\u0026lt;/html\u0026gt;\rCode block with Hugo\u0026rsquo;s internal highlight shortcode \u0026lt;!doctype html\u0026gt; \u0026lt;html lang=\u0026#34;en\u0026#34;\u0026gt; \u0026lt;head\u0026gt; \u0026lt;meta charset=\u0026#34;utf-8\u0026#34;\u0026gt; \u0026lt;title\u0026gt;Example HTML5 Document\u0026lt;/title\u0026gt; \u0026lt;/head\u0026gt; \u0026lt;body\u0026gt; \u0026lt;p\u0026gt;Test\u0026lt;/p\u0026gt; \u0026lt;/body\u0026gt; \u0026lt;/html\u0026gt; Gist List Types Ordered List First item Second item Third item Unordered List List item Another item And another item Nested list Fruit Apple Orange Banana Dairy Milk Cheese Other Elements — abbr, sub, sup, kbd, mark GIF is a bitmap image format.\nH2O\nXn + Yn = Zn\nPress CTRL+ALT+Delete to end the session.\nMost salamanders are nocturnal, and hunt for insects, worms, and other small creatures.\nThe above quote is excerpted from Rob Pike\u0026rsquo;s talk during Gopherfest, November 18, 2015.\u0026#160;\u0026#x21a9;\u0026#xfe0e;\n","permalink":"http://120.55.68.94/posts/markdown/markdown-syntax/","summary":"\u003cp\u003eThis article offers a sample of basic Markdown syntax that can be used in Hugo content files, also it shows whether basic HTML elements are decorated with CSS in a Hugo theme.\u003c/p\u003e","title":"Markdown Syntax Guide"},{"content":"Mathematical notation in a Hugo project can be enabled by using third party JavaScript libraries.\nIn this example we will be using KaTeX\nCreate a partial under /layouts/partials/math.html Within this partial reference the Auto-render Extension or host these scripts locally. Include the partial in your templates (extend_head.html) like so: refer ISSUE #236 {{ if or .Params.math .Site.Params.math }} {{ partial \u0026#34;math.html\u0026#34; . }} {{ end }} To enable KaTex globally set the parameter math to true in a project\u0026rsquo;s configuration To enable KaTex on a per page basis include the parameter math: true in content files Note: Use the online reference of Supported TeX Functions\nExamples Inline math: \\(\\varphi = \\dfrac{1+\\sqrt5}{2}= 1.6180339887…\\)\rBlock math:\n$$ \\varphi = 1+\\frac{1} {1+\\frac{1} {1+\\frac{1} {1+\\cdots} } } $$\n","permalink":"http://120.55.68.94/posts/markdown/math-typesetting/","summary":"\u003cp\u003eMathematical notation in a Hugo project can be enabled by using third party JavaScript libraries.\u003c/p\u003e","title":"Math Typesetting"},{"content":"Emoji can be enabled in a Hugo project in a number of ways.\nThe emojify function can be called directly in templates or Inline Shortcodes.\nTo enable emoji globally, set enableEmoji to true in your site\u0026rsquo;s configuration and then you can type emoji shorthand codes directly in content files; e.g.\n🙈 🙈 🙉 🙉 🙊 🙊\nThe Emoji cheat sheet is a useful reference for emoji shorthand codes.\nN.B. The above steps enable Unicode Standard emoji characters and sequences in Hugo, however the rendering of these glyphs depends on the browser and the platform. To style the emoji you can either use a third party emoji font or a font stack; e.g.\n.emoji { font-family: Apple Color Emoji, Segoe UI Emoji, NotoColorEmoji, Segoe UI Symbol, Android Emoji, EmojiSymbols; } ","permalink":"http://120.55.68.94/posts/markdown/emoji-support/","summary":"\u003cp\u003eEmoji can be enabled in a Hugo project in a number of ways.\u003c/p\u003e","title":"Emoji Support"},{"content":"","permalink":"http://120.55.68.94/about/","summary":"","title":"About"},{"content":"","permalink":"http://120.55.68.94/tags/","summary":"","title":"Tags"}]