<?xml version="1.0" encoding="utf-8" standalone="yes"?>
<rss version="2.0" xmlns:atom="http://www.w3.org/2005/Atom" xmlns:content="http://purl.org/rss/1.0/modules/content/">
  <channel>
    <title>html on Again&#39;s Blog</title>
    <link>http://120.55.68.94/tags/html/</link>
    <description>Recent content in html on Again&#39;s Blog</description>
    <generator>Hugo -- gohugo.io</generator>
    <language>zh</language>
    <lastBuildDate>Mon, 11 Mar 2019 00:00:00 +0000</lastBuildDate><atom:link href="http://120.55.68.94/tags/html/index.xml" rel="self" type="application/rss+xml" />
    <item>
      <title>Markdown Syntax Guide</title>
      <link>http://120.55.68.94/posts/markdown/markdown-syntax/</link>
      <pubDate>Mon, 11 Mar 2019 00:00:00 +0000</pubDate>
      
      <guid>http://120.55.68.94/posts/markdown/markdown-syntax/</guid>
      <description>Sample article showcasing basic Markdown syntax and formatting for HTML elements.</description>
    </item>
    
  </channel>
</rss>
