<?xml version="1.0" encoding="utf-8" standalone="yes"?>
<rss version="2.0" xmlns:atom="http://www.w3.org/2005/Atom" xmlns:content="http://purl.org/rss/1.0/modules/content/">
  <channel>
    <title>text on Again&#39;s Blog</title>
    <link>http://120.55.68.94/tags/text/</link>
    <description>Recent content in text on Again&#39;s Blog</description>
    <generator>Hugo -- gohugo.io</generator>
    <language>zh</language>
    <lastBuildDate>Sat, 09 Mar 2019 00:00:00 +0000</lastBuildDate><atom:link href="http://120.55.68.94/tags/text/index.xml" rel="self" type="application/rss+xml" />
    <item>
      <title>Placeholder Text</title>
      <link>http://120.55.68.94/posts/markdown/placeholder-text/</link>
      <pubDate>Sat, 09 Mar 2019 00:00:00 +0000</pubDate>
      
      <guid>http://120.55.68.94/posts/markdown/placeholder-text/</guid>
      <description>Lorem Ipsum Dolor Si Amet</description>
    </item>
    
  </channel>
</rss>
