<?xml version="1.0" encoding="utf-8" standalone="yes"?>
<rss version="2.0" xmlns:atom="http://www.w3.org/2005/Atom" xmlns:content="http://purl.org/rss/1.0/modules/content/">
  <channel>
    <title>系列 on Again&#39;s Blog</title>
    <link>http://120.55.68.94/posts/</link>
    <description>Recent content in 系列 on Again&#39;s Blog</description>
    <generator>Hugo -- gohugo.io</generator>
    <language>zh</language>
    <lastBuildDate>Tue, 16 Apr 2024 00:00:00 +0000</lastBuildDate><atom:link href="http://120.55.68.94/posts/index.xml" rel="self" type="application/rss+xml" />
  </channel>
</rss>
