<?xml version="1.0" encoding="utf-8" standalone="yes"?>
<rss version="2.0" xmlns:atom="http://www.w3.org/2005/Atom" xmlns:content="http://purl.org/rss/1.0/modules/content/">
  <channel>
    <title>Series on Again&#39;s Blog</title>
    <link>http://120.55.68.94/series/</link>
    <description>Recent content in Series on Again&#39;s Blog</description>
    <generator>Hugo -- gohugo.io</generator>
    <language>zh</language>
    <lastBuildDate>Tue, 16 Apr 2024 00:00:00 +0000</lastBuildDate><atom:link href="http://120.55.68.94/series/index.xml" rel="self" type="application/rss+xml" />
    <item>
      <title>compete</title>
      <link>http://120.55.68.94/series/compete/</link>
      <pubDate>Tue, 16 Apr 2024 00:00:00 +0000</pubDate>
      
      <guid>http://120.55.68.94/series/compete/</guid>
      <description></description>
    </item>
    
    <item>
      <title>PaperMod</title>
      <link>http://120.55.68.94/series/papermod/</link>
      <pubDate>Wed, 20 Jan 2021 00:00:00 +0000</pubDate>
      
      <guid>http://120.55.68.94/series/papermod/</guid>
      <description></description>
    </item>
    
    <item>
      <title>Themes Guide</title>
      <link>http://120.55.68.94/series/themes-guide/</link>
      <pubDate>Mon, 11 Mar 2019 00:00:00 +0000</pubDate>
      
      <guid>http://120.55.68.94/series/themes-guide/</guid>
      <description></description>
    </item>
    
  </channel>
</rss>
