<?xml version="1.0" encoding="utf-8" standalone="yes"?>
<rss version="2.0" xmlns:atom="http://www.w3.org/2005/Atom" xmlns:content="http://purl.org/rss/1.0/modules/content/">
  <channel>
    <title>Tags on Again&#39;s Blog</title>
    <link>http://120.55.68.94/tags/</link>
    <description>Recent content in Tags on Again&#39;s Blog</description>
    <generator>Hugo -- gohugo.io</generator>
    <language>zh</language>
    <lastBuildDate>Tue, 16 Apr 2024 00:00:00 +0000</lastBuildDate><atom:link href="http://120.55.68.94/tags/index.xml" rel="self" type="application/rss+xml" />
    <item>
      <title>大唐杯</title>
      <link>http://120.55.68.94/tags/%E5%A4%A7%E5%94%90%E6%9D%AF/</link>
      <pubDate>Tue, 16 Apr 2024 00:00:00 +0000</pubDate>
      
      <guid>http://120.55.68.94/tags/%E5%A4%A7%E5%94%90%E6%9D%AF/</guid>
      <description></description>
    </item>
    
    <item>
      <title>PaperMod</title>
      <link>http://120.55.68.94/tags/papermod/</link>
      <pubDate>Wed, 20 Jan 2021 00:00:00 +0000</pubDate>
      
      <guid>http://120.55.68.94/tags/papermod/</guid>
      <description></description>
    </item>
    
    <item>
      <title>css</title>
      <link>http://120.55.68.94/tags/css/</link>
      <pubDate>Mon, 11 Mar 2019 00:00:00 +0000</pubDate>
      
      <guid>http://120.55.68.94/tags/css/</guid>
      <description></description>
    </item>
    
    <item>
      <title>html</title>
      <link>http://120.55.68.94/tags/html/</link>
      <pubDate>Mon, 11 Mar 2019 00:00:00 +0000</pubDate>
      
      <guid>http://120.55.68.94/tags/html/</guid>
      <description></description>
    </item>
    
    <item>
      <title>markdown</title>
      <link>http://120.55.68.94/tags/markdown/</link>
      <pubDate>Mon, 11 Mar 2019 00:00:00 +0000</pubDate>
      
      <guid>http://120.55.68.94/tags/markdown/</guid>
      <description></description>
    </item>
    
    <item>
      <title>themes</title>
      <link>http://120.55.68.94/tags/themes/</link>
      <pubDate>Mon, 11 Mar 2019 00:00:00 +0000</pubDate>
      
      <guid>http://120.55.68.94/tags/themes/</guid>
      <description></description>
    </item>
    
    <item>
      <title>text</title>
      <link>http://120.55.68.94/tags/text/</link>
      <pubDate>Sat, 09 Mar 2019 00:00:00 +0000</pubDate>
      
      <guid>http://120.55.68.94/tags/text/</guid>
      <description></description>
    </item>
    
    <item>
      <title>emoji</title>
      <link>http://120.55.68.94/tags/emoji/</link>
      <pubDate>Tue, 05 Mar 2019 00:00:00 +0000</pubDate>
      
      <guid>http://120.55.68.94/tags/emoji/</guid>
      <description></description>
    </item>
    
  </channel>
</rss>
