<?xml version="1.0" encoding="utf-8" standalone="yes"?>
<rss version="2.0" xmlns:atom="http://www.w3.org/2005/Atom" xmlns:content="http://purl.org/rss/1.0/modules/content/">
  <channel>
    <title>Categories on Again&#39;s Blog</title>
    <link>http://120.55.68.94/categories/</link>
    <description>Recent content in Categories on Again&#39;s Blog</description>
    <generator>Hugo -- gohugo.io</generator>
    <language>zh</language>
    <lastBuildDate>Mon, 11 Mar 2019 00:00:00 +0000</lastBuildDate><atom:link href="http://120.55.68.94/categories/index.xml" rel="self" type="application/rss+xml" />
    <item>
      <title>syntax</title>
      <link>http://120.55.68.94/categories/syntax/</link>
      <pubDate>Mon, 11 Mar 2019 00:00:00 +0000</pubDate>
      
      <guid>http://120.55.68.94/categories/syntax/</guid>
      <description></description>
    </item>
    
    <item>
      <title>themes</title>
      <link>http://120.55.68.94/categories/themes/</link>
      <pubDate>Mon, 11 Mar 2019 00:00:00 +0000</pubDate>
      
      <guid>http://120.55.68.94/categories/themes/</guid>
      <description></description>
    </item>
    
  </channel>
</rss>
