<?xml version="1.0" encoding="utf-8" standalone="yes"?>
<rss version="2.0" xmlns:atom="http://www.w3.org/2005/Atom" xmlns:content="http://purl.org/rss/1.0/modules/content/">
  <channel>
    <title>PaperMod on Again&#39;s Blog</title>
    <link>http://120.55.68.94/tags/papermod/</link>
    <description>Recent content in PaperMod on Again&#39;s Blog</description>
    <generator>Hugo -- gohugo.io</generator>
    <language>zh</language>
    <lastBuildDate>Wed, 20 Jan 2021 00:00:00 +0000</lastBuildDate><atom:link href="http://120.55.68.94/tags/papermod/index.xml" rel="self" type="application/rss+xml" />
    <item>
      <title>Features</title>
      <link>http://120.55.68.94/posts/papermod/papermod-features/</link>
      <pubDate>Wed, 20 Jan 2021 00:00:00 +0000</pubDate>
      
      <guid>http://120.55.68.94/posts/papermod/papermod-features/</guid>
      <description>Learn About All Features in PaperMod</description>
    </item>
    
    <item>
      <title>Installation | Update</title>
      <link>http://120.55.68.94/posts/papermod/papermod-installation/</link>
      <pubDate>Wed, 20 Jan 2021 00:00:00 +0000</pubDate>
      
      <guid>http://120.55.68.94/posts/papermod/papermod-installation/</guid>
      <description>Read Install and Update instructions here</description>
    </item>
    
  </channel>
</rss>
