<?xml version="1.0" encoding="utf-8" standalone="yes"?>
<rss version="2.0" xmlns:atom="http://www.w3.org/2005/Atom" xmlns:content="http://purl.org/rss/1.0/modules/content/">
  <channel>
    <title>compete on Again&#39;s Blog</title>
    <link>http://120.55.68.94/series/compete/</link>
    <description>Recent content in compete on Again&#39;s Blog</description>
    <generator>Hugo -- gohugo.io</generator>
    <language>zh</language>
    <lastBuildDate>Tue, 16 Apr 2024 00:00:00 +0000</lastBuildDate><atom:link href="http://120.55.68.94/series/compete/index.xml" rel="self" type="application/rss+xml" />
    <item>
      <title>5G网络架构及组网部署</title>
      <link>http://120.55.68.94/posts/compete/5g%E7%BD%91%E7%BB%9C%E6%9E%B6%E6%9E%84%E4%B8%8E%E7%BB%84%E7%BD%91%E9%83%A8%E7%BD%B2/</link>
      <pubDate>Tue, 16 Apr 2024 00:00:00 +0000</pubDate>
      
      <guid>http://120.55.68.94/posts/compete/5g%E7%BD%91%E7%BB%9C%E6%9E%B6%E6%9E%84%E4%B8%8E%E7%BB%84%E7%BD%91%E9%83%A8%E7%BD%B2/</guid>
      <description>5G网络架构 5G网络架构概述 5G移动通信系统包括5GC(5G核心网)和NG-RAN(无线接入网) ng-eNB: 增强型4G基站,可完成部分5G功能 gNB: 5G基站(对应4G中的eNB) Xn接口: 基站间接口(对应4G中的X2接口),传输数据和信令 NG接口: 接入网网元接入到核心网的接口(对应4G中的S1接口) 5G核心网网元: AMF, UPF, SMF AAU: RRU(射频单元) + 天线 CU和DU: CU是集中单元,DU是分布单元,CU、DU可以集中部署也可以分开部署 5G基站 = CU + DU + AAU,但是CU一般集中部署在靠近5GC的位置,AAU部署在靠近UE端的位置
核心网和接入网的架构演进 核心网架构演进 接入网架构演进 需要注意5G中接入网各个网元与协议栈对应关系
CU: RRC层 + PDCP层 DU: RLC层 + MAC层 + 部分PHY层 AAU: 部分PHY层 5G网元功能及其接口 5G网元以及接口表示 点对点接口表示(N1,N2,N3 &amp;hellip;.) 服务接口表示(基于服务的接口表示,Nnssf,Nnef&amp;hellip;) CU与DU CU可以分为CU-C(控制面)与CU-U(用户面) CU与DU之间的接口是F1接口 CU-C与CU-U之间的接口是E1接口 CU包含RRC层与PDCP层, CU-C包含RRC与PDCP的控制面功能,CU-U就包含PDCP的用户面功能 CU与DU的协议栈划分:
CU占的协议栈越多,越方便控制面集中,集中化调度性能提升,但是传输带宽会升高,时延要求也更高(要求时延越低) 3GPP标准划分方案为Option2,将PDCP划分到CU中,PDCP上移容易形成数据锚点,便于支持双链接/单连接 5G主要网元功能 UFP
gNB间切换的本地移动锚点 连接到移动通信网络外部的PDU会话点 用户数据包的路由与转发 对用户的Qos流的映射与处理 SMF
PDU会话的建立与删除 UE IP地址的分配 选择控制用户控制面功能(选择UPF) Qos的策略与控制 AMF</description>
    </item>
    
    <item>
      <title>5G无线网络技术</title>
      <link>http://120.55.68.94/posts/compete/5g%E6%97%A0%E7%BA%BF%E6%8A%80%E6%9C%AF%E5%8F%8A%E5%BA%94%E7%94%A8/</link>
      <pubDate>Tue, 16 Apr 2024 00:00:00 +0000</pubDate>
      
      <guid>http://120.55.68.94/posts/compete/5g%E6%97%A0%E7%BA%BF%E6%8A%80%E6%9C%AF%E5%8F%8A%E5%BA%94%E7%94%A8/</guid>
      <description>5G无线网络技术 5G概述 5G三大业务场景 eMBB: 增强移动带宽场景、连续广域覆盖场景、热点高容量场景、大带宽、高速率、大容量、高覆盖 mMTC: 大连接场景 uRLLC: 低时延、高可靠场景 5G八大关键指标 5G技术点: 移动互联网 + 移动物联网
5G空口技术框架 5G网络架构 5G网络划分为接入平面、控制平面、转发平面
接入平面: 统一的多无线接入技术融合、无线资源调度与共享 控制平面: 控制集中化、简单化, 服务差异化、开放化 转发平面: 用户面下沉分布式网关、移动边缘内容与计算 具体看5G网络架构与组网部署的笔记
大规模天线(Massive MIMO) 主要解决5G的覆盖范围和容量问题
大规模天线: 大量天线为相对少的用户提供同传服务
大规模天线概述 5G中天线有水平波束和垂直波束的概念, 4G中没有垂直波束的概念
大规模天线的技术优势
大规模天线的几种增益
阵列增益 分集增益 空间复用增益 干扰抑制增益 波束赋形 对于下行MIMO: 区分数据流,使用DMRS信号(解调参考信号) 对于上行MIMO: 区分用户, 使用DMRS信号(解调参考信号) 波束扫描 在下行过程中, 基站依次使用不同指向的波束发射无线信号,该过程被称作波束扫描, 与此同时,用户测量不同波束发射出的无线信号, 并向基站报告相关信息,基站根据用户报告确定对准该用户的最佳发射波束
为了快速对准波束, 5G标准采取了分级扫描的策略,即由宽到窄扫描
波束恢复 PRACH信号是随机接入过程中的信号
大规模天线的应用场景 热点场景 大型公共集会 3D覆盖场景 UDN技术(超密集网络部署) 增加单位面积内小基站的密度, 可以改善网络覆盖, 提高系统容量(提升容量和连接数)
UDN关键技术 干扰抑制与管理: 使用DMIMO技术(分布式MIMO)和 Small cell on/off技术(关闭没有用户连接或无需提供额外容量的小小区) 移动性管理: 使用虚拟层技术(把密集部署的小基站构建虚拟多层网络, 分为虚拟层和实体层)和软扇区技术(解决UDN难以部署的问题) 联合传输与反馈 UDN应用场景</description>
    </item>
    
    <item>
      <title>5G信令与协议</title>
      <link>http://120.55.68.94/posts/compete/5g%E4%BF%A1%E4%BB%A4%E4%B8%8E%E5%8D%8F%E8%AE%AE/</link>
      <pubDate>Tue, 16 Apr 2024 00:00:00 +0000</pubDate>
      
      <guid>http://120.55.68.94/posts/compete/5g%E4%BF%A1%E4%BB%A4%E4%B8%8E%E5%8D%8F%E8%AE%AE/</guid>
      <description>网络基本架构及接口 5GC（核心网）: AMF（NAS安全,移动性状态管理）,SMF（UE 的ip申请,PDU会话控制）,UPF（PDU管理,移动锚点） NG-RAN（接入网） gNB: 5G基站，由CU+DU构成 Ng接口（接入网与核心网接口）两个层面,用户面与控制面相分离,控制面协议（SCTP, IP, 数据链路层、物理层）, 用户面协议（GTP-U,UDP,IP 数据链路和物理层） Xn接口（gNB,即基站之间的接口）,协议栈Ng相同 F1接口（CU与DU的接口） E1接口（CU与CU的接口）只有控制面协议（SCTP, IP, 数据链路层、物理层） 协议栈见图片
用户面协议栈 控制面协议栈 5G协议栈 NR无线资源控制层（RRC层） 系统消息广播 RRC连接控制 异系统移动性管理（Inter-RAT） 测量配置和报告 一般性协议错误处理 UE能力转换 NR2层概述 1.SDAP层（服务数据适配层） SDAP子层由RRC配置 SDAO子层将Qos映射到DRBs 在DL中,一个或多个Qos流可能映射到一个DRB 在UL中,一次Qos流仅映射到一个DRB 2.PDCP层（分组数据汇聚层） 数据传输(用户面或控制面) PDCP SN的维护 使用ROHC协议的报头的压缩和解压缩 加密和解密 完整性保护和验证 基于定时器的SDU丢弃 路由重新排序和按顺序交付 重复丢弃 3.RLC层（无线链路控制层） 三种传输模式:TM（透明模式）,UM（非确认模式）,AM（确认模式）
传送上层PDU 通过ARQ纠错（仅用于AM数据传输） RLC SDU的分段与重组（仅用于UM和AM） RLC SDU的重新分段（UM和AM） 重复检测（AM） RLC SDU丢弃（AM和UM） RLC重建 协议错误检测（AM数据传输） 4.MAC（媒体访问控制） 逻辑信道与传输信道之间的映射 来自一个或不同逻辑信道的MAC SDU多路复用到传输块上以在传送信道上传送到物理层 解复用MAC SDU 调度信息报告 通过HARQ纠错 逻辑通道优先级 MAC层实体处理的传输信道
广播频道（BCH） 寻呼信道（PCH） 下行链路共享信道（DL-SCH） 上行链路共享信道（UL-SCH） 随机接入信道（RACH） 注:BCCH映射到BCH和DL-SCH,BCCH分为MIB和SIB；MIB经过BCCH-BCH路径,而SIB经过BCCH-DLSCH路径</description>
    </item>
    
  </channel>
</rss>
