<?xml version="1.0" encoding="utf-8" standalone="yes"?>
<rss version="2.0" xmlns:atom="http://www.w3.org/2005/Atom" xmlns:content="http://purl.org/rss/1.0/modules/content/">
  <channel>
    <title>Markdown on Again&#39;s Blog</title>
    <link>http://120.55.68.94/posts/markdown/</link>
    <description>Recent content in Markdown on Again&#39;s Blog</description>
    <generator>Hugo -- gohugo.io</generator>
    <language>zh</language>
    <lastBuildDate>Mon, 11 Mar 2019 00:00:00 +0000</lastBuildDate><atom:link href="http://120.55.68.94/posts/markdown/index.xml" rel="self" type="application/rss+xml" />
    <item>
      <title>Markdown Syntax Guide</title>
      <link>http://120.55.68.94/posts/markdown/markdown-syntax/</link>
      <pubDate>Mon, 11 Mar 2019 00:00:00 +0000</pubDate>
      
      <guid>http://120.55.68.94/posts/markdown/markdown-syntax/</guid>
      <description>Sample article showcasing basic Markdown syntax and formatting for HTML elements.</description>
    </item>
    
    <item>
      <title>Placeholder Text</title>
      <link>http://120.55.68.94/posts/markdown/placeholder-text/</link>
      <pubDate>Sat, 09 Mar 2019 00:00:00 +0000</pubDate>
      
      <guid>http://120.55.68.94/posts/markdown/placeholder-text/</guid>
      <description>Lorem Ipsum Dolor Si Amet</description>
    </item>
    
    <item>
      <title>Math Typesetting</title>
      <link>http://120.55.68.94/posts/markdown/math-typesetting/</link>
      <pubDate>Fri, 08 Mar 2019 00:00:00 +0000</pubDate>
      
      <guid>http://120.55.68.94/posts/markdown/math-typesetting/</guid>
      <description>A brief guide to setup KaTeX</description>
    </item>
    
    <item>
      <title>Emoji Support</title>
      <link>http://120.55.68.94/posts/markdown/emoji-support/</link>
      <pubDate>Tue, 05 Mar 2019 00:00:00 +0000</pubDate>
      
      <guid>http://120.55.68.94/posts/markdown/emoji-support/</guid>
      <description>Guide to emoji usage in Hugo</description>
    </item>
    
  </channel>
</rss>
